unit,time,outcome,cov_gdp,cov_unemp,treated
u0,0,5.423187099652592,1.465728548347323,50.54152562158764,0
u0,1,6.109475115794547,1.4297722730778382,50.72690102601745,0
u0,2,5.4125135591093745,1.5038714288333992,49.71116531602145,0
u0,3,5.478126423092521,1.570405085681454,50.13108748004244,0
u0,4,6.3164313682013145,1.7286185901210531,51.05751763360433,0
u0,5,5.7261469801201414,1.567457781283184,51.256892975456104,0
u0,6,4.8563097795645,1.5857550390722766,51.45752384315303,0
u0,7,5.110944351313246,1.5625554084233833,53.32636574532736,0
u0,8,4.423560138210101,1.3881228784700959,51.88544525534658,0
u0,9,4.3540341667117115,1.5873486124550784,52.3677828200903,0
u0,10,4.7734848343759255,1.6060230209941027,52.4770008817466,0
u0,11,3.877493635144517,1.8563242112485288,52.5256956256529,0
u0,12,4.220292198205188,1.600763903521888,52.242365377679825,0
u0,13,5.050224706829506,1.6601547342333611,52.97948461024664,0
u0,14,5.006582970163287,1.6365288230294759,52.41358739273121,0
u0,15,5.7357268517242055,1.5331321962380466,52.88159069663,0
u0,16,5.0562212065464704,1.774282281451502,52.95731822608545,0
u0,17,4.619686048735499,1.7451933032686773,53.44093706969316,0
u0,18,5.80727964085221,1.7591031947043045,54.75732928333676,0
u0,19,4.7101844631364544,1.599061254520526,52.866367403704125,0
u0,20,4.672441370819753,1.84027943109361,54.343130095187256,0
u0,21,3.85793323424957,1.5698148937207719,53.39364206440518,0
u0,22,4.363720620189776,1.778685709380027,54.164034067105284,0
u0,23,4.873003336187806,1.949045562580998,55.144475298483684,0
u0,24,4.490662609610011,1.6409463674869311,54.83214000954773,0
u0,25,5.5026257644822865,1.6933702270397228,54.461127611035344,0
u0,26,5.196087469230556,1.769965136508764,54.84234814537002,0
u0,27,5.416164594389389,1.7196524345883801,55.73979887446734,0
u0,28,5.192788222051837,1.6249336568933868,55.234816684141435,0
u0,29,6.235385275517072,1.7968562974806028,55.908229294790985,0
u0,30,5.051114927881925,1.6937696286273896,56.02278591995191,0
u0,31,4.27762543276123,1.8573592430635182,55.87419982619709,0
u0,32,5.033358008386843,1.7280575765766197,57.471972044662664,0
u0,33,3.9432937862302446,1.984993440501754,56.91695951115901,0
u0,34,4.723752063814203,1.7616746707663764,55.78742870667119,0
u0,35,3.821115263252444,1.8177938483794325,57.09322715738471,0
u0,36,4.385474657731405,1.941351721736967,56.86910676761581,0
u0,37,5.396615657103469,1.7469135683566046,57.82621666739811,0
u0,38,5.8490483880471205,1.9027459934604127,57.20373963078365,0
u0,39,5.63110389374047,2.020714275428243,57.742631779266546,0
u0,40,5.419225670831872,1.7392516765438772,58.252493639490226,0
u0,41,5.142102619327418,1.9284633858532305,58.63287759708506,0
u0,42,4.302010828926635,1.9459882794248422,57.79985179647211,0
u0,43,4.429967076901284,2.008182287177731,58.43274938207953,0
u0,44,4.3751744507148125,1.8163049289121918,58.56252734441952,0
u0,45,5.065685008184671,1.8179543386915724,58.673335383713145,0
u0,46,4.774537694955512,2.01219415656169,60.082727120140554,0
u0,47,3.9028385313704224,1.9996984673233187,59.602490855480475,0
u0,48,5.1950179507374745,2.0050492850345876,58.96955802283248,0
u0,49,5.089052182820207,2.0246448209496974,60.258930973527384,0
u0,50,5.124762381755894,1.9319975278421508,61.061078098506314,0
u0,51,5.834666181425376,2.0332253697161002,60.71623263027558,0
u0,52,5.975957857133425,2.0493072473298684,59.64031501702299,0
u0,53,5.741702810539618,1.9585648581973634,60.35788296356687,0
u0,54,4.605071346358488,2.226577451114476,61.43345557459331,0
u0,55,4.618691277032487,2.0973832920911786,60.64616526719061,0
u0,56,4.754533835755947,1.9408696502797351,61.42190971407312,0
u0,57,5.008304742495851,2.1356553608633835,61.78731702671467,0
u0,58,4.346549715108095,1.9825318329772679,61.13653476421096,0
u0,59,4.67493740457934,2.168708460374245,61.7702373219691,0
u0,60,6.963216762896519,2.2158595579007403,60.379366329965464,1
u0,61,7.216898294847488,2.027931768164829,61.68780617933286,1
u0,62,8.45289457696543,2.2163376129244323,62.27371592430342,1
u0,63,8.840356335149812,2.1712780926936497,61.97610840901758,1
u0,64,8.107861318954743,2.2222060159994492,63.616205651965814,1
u0,65,8.511237483786989,2.339679298265395,62.28492931101968,1
u0,66,7.988906404353081,2.135461188399713,62.97997775665151,1
u0,67,7.284145871514992,2.094626383564251,63.465370288643044,1
u0,68,7.6530082066678276,2.091048557037448,64.32063664453305,1
u0,69,8.222958746027114,2.1084189715034563,63.08206892441028,1
u0,70,7.551632098335222,2.19228982905859,64.58158187607748,1
u0,71,8.58349700467771,2.244115197481664,64.2051165305098,1
u0,72,6.789919981714121,2.2476690799330017,63.90924567447603,1
u0,73,8.809361142934891,2.3127183249036025,64.83105173713163,1
u0,74,8.673563483746875,2.241300189187791,64.89952984778674,1
u0,75,8.596140929490925,2.3953534077157315,64.6998915614206,1
u0,76,8.773155051872116,2.233534316676204,65.23490104249501,1
u0,77,7.599094861399989,2.542016916658962,65.20734320156913,1
u0,78,8.28166073176997,2.3425667347765007,65.65675867262561,1
u0,79,8.368670318432885,2.2042842443583717,66.13106533726052,1
u0,80,8.794665710143837,2.1929107501938887,66.79300840807268,1
u0,81,7.778213637516763,2.3582472415243187,65.58109225058658,1
u0,82,7.748706600303059,2.297653721467415,67.46651668732814,1
u0,83,8.133704938837896,2.4014000494092094,65.62395610023874,1
u0,84,9.140901876469488,2.3873237624573544,66.7241074524822,1
u0,85,9.146193729436582,2.3427171087343126,67.2941586032423,1
u0,86,8.948568131603727,2.2753206281931595,67.34049593386752,1
u0,87,9.585686605139994,2.218515277531414,67.0886502400897,1
u0,88,9.359221722137844,2.3353485047932976,67.49593887482136,1
u0,89,9.660610097826337,2.4756398794323475,67.55349953267059,1
u0,90,8.623878412609503,2.4214093744130203,67.7053176215279,1
u0,91,8.609691243237585,2.2854261221288015,68.62480104851052,1
u0,92,8.443072895066459,2.437318092585118,68.57850774298252,1
u0,93,7.888999556446986,2.4685317379728837,68.25354520236966,1
u0,94,8.884421824141402,2.3516142563798867,69.24979993771662,1
u0,95,9.098519380579567,2.4653725105945528,69.1536497604383,1
u0,96,9.269165829799139,2.4658208718446,69.60643105941948,1
u0,97,9.44793289177862,2.3557029702169374,69.71481442096182,1
u0,98,9.089171146321497,2.5157787360348283,69.18550249453895,1
u0,99,9.702138511060095,2.5460784526368236,69.51990947990151,1
u1,0,6.059743416446527,1.4749934528520756,49.574678715439084,0
u1,1,6.263669316495987,1.5922849932347498,49.856437308117656,0
u1,2,6.844824081732067,1.4332379570617406,50.003803037880566,0
u1,3,5.792135287503812,1.5357620514978707,50.06800461516009,0
u1,4,6.171012237327596,1.57202956317119,50.72426081397241,0
u1,5,5.59958885985084,1.6214438834058749,50.48452494179448,0
u1,6,5.456504842933102,1.651161487808889,51.235228412889924,0
u1,7,6.092129864435982,1.4775357908162132,51.27488094527543,0
u1,8,6.066671009248811,1.4465885829264378,51.380525976566794,0
u1,9,6.290995709979914,1.7377676821898511,51.2462181689792,0
u1,10,6.839645136044579,1.6532314011979592,51.61161433471583,0
u1,11,6.506393419267251,1.5551513463443447,52.47769561291288,0
u1,12,7.0844151309280985,1.7951151975522524,52.55045859381219,0
u1,13,6.723116678396884,1.6615674634292859,52.011222377600724,0
u1,14,7.041319241934092,1.7779297184063827,52.74966615271461,0
u1,15,6.696093886589901,1.6767518481410109,53.27569356168589,0
u1,16,6.619205961090953,1.8860747924881986,52.265297359439316,0
u1,17,6.671508130638259,1.8655340842443204,53.571680096189965,0
u1,18,5.829479534781992,1.6751035851520926,53.16868812052708,0
u1,19,7.262179508137133,1.8071570950954354,53.98529933429658,0
u1,20,5.824198575856961,1.7845375949585147,53.51837042172874,0
u1,21,5.950391017437744,1.866863155753235,53.197558949667744,0
u1,22,7.439205601069462,1.6435076539419895,53.486228781058415,0
u1,23,7.564967277284356,1.818605145999844,54.52404247333069,0
u1,24,7.728742985658711,1.8658424486849587,54.82986125086074,0
u1,25,7.865667243177768,1.5941260513576885,54.44784168744779,0
u1,26,7.5463571111184296,1.6616741487334226,55.419296229388685,0
u1,27,6.985782659882843,1.5860767822239898,54.469239968865516,0
u1,28,7.281854689543471,1.7730593165555442,55.46696010067634,0
u1,29,6.708593194015763,1.8817542255795963,55.09449190011877,0
u1,30,7.39939417495962,1.970235705209603,55.57408194609892,0
u1,31,6.815701611395349,1.8374094780419776,56.12369933565821,0
u1,32,6.587703100062572,2.0028615545571293,55.869793317358024,0
u1,33,7.07003683485713,1.711989854178511,56.30772222788509,0
u1,34,7.739860323309257,1.6896617560644847,57.20314640460722,0
u1,35,7.560518085752916,1.8644452301103382,56.61155406523842,0
u1,36,7.678817311201432,1.9184065448939307,57.517846056032575,0
u1,37,8.346582526143601,1.8867305251905908,56.73514657267119,0
u1,38,8.348208214948265,1.6932557899960123,57.76490208895764,0
u1,39,7.854182689792209,1.9010879960487213,58.42078431032895,0
u1,40,7.681677689489462,1.7895530499495147,56.66417774993636,0
u1,41,7.836443450302654,1.996967254883004,57.701552372264764,0
u1,42,6.861036569354098,1.9766598246096847,58.58853606359027,0
u1,43,6.858742846810157,1.8560120213672644,58.398477306978506,0
u1,44,7.314474019684626,1.9086133082663306,58.88557293668565,0
u1,45,7.7972506116797184,1.8640786478111049,58.59800740664209,0
u1,46,8.36209281082246,1.9737320902726827,59.14329489373645,0
u1,47,9.253302902481696,2.085514232050124,59.22216138230396,0
u1,48,9.192001752437672,1.9014273953664456,60.0838910308299,0
u1,49,8.818014087267947,2.0604046515517846,59.827210421650605,0
u1,50,8.889461257294574,1.966974238162756,60.0688013310376,0
u1,51,8.279634027010887,1.9507127167737655,59.89406151693877,0
u1,52,8.581184706154446,2.029296964004544,60.05619688796375,0
u1,53,8.24933359401578,1.9464757677580629,60.28372090609019,0
u1,54,8.419682452123821,2.004635069465282,60.897226071189145,0
u1,55,7.822103694074288,1.950212210741115,60.689507759589866,0
u1,56,8.606613819283446,2.276472513291639,61.24488742844821,0
u1,57,9.343588075888945,2.0935263551971732,62.33770039932271,0
u1,58,8.825503385647048,2.0300274492007415,61.935562351715845,0
u1,59,9.389725086908406,2.131397991073422,61.53698823391608,0
u1,60,9.781488368544235,2.108767195030917,62.50060696108197,0
u1,61,9.370617548158759,2.1079030400466774,61.89596231348923,0
u1,62,9.684260034003142,2.2014166700043427,61.28093773241107,0
u1,63,9.460439341572703,2.2257507710047304,61.9959568445413,0
u1,64,9.312523755277073,2.106949885238947,61.76460403948707,0
u1,65,8.680402453400133,2.112418175935532,62.724243257979346,0
u1,66,8.943822690936262,2.152494830284836,63.10920918959478,0
u1,67,9.15796274332519,1.9598078835264414,64.13821865613764,0
u1,68,9.745756797912398,2.048480893780145,63.66346368688208,0
u1,69,9.730098464282275,2.3466874267444524,63.59044973559556,0
u1,70,10.62971912048327,2.3844967713501286,64.31470279059175,0
u1,71,9.478439876266929,2.2050963960443624,62.99443234549606,0
u1,72,10.545821122901035,2.2976556963055765,64.4178072790543,0
u1,73,10.336143218822869,2.2811250154543536,64.88543259694349,0
u1,74,11.340359691558785,2.567888080845524,63.96070687711008,0
u1,75,9.723238430356247,2.381957491143458,65.47187702160348,0
u1,76,9.517069216764286,2.267208240851923,65.26924820374721,0
u1,77,9.44045545445787,2.1944459559399574,65.0923560430496,0
u1,78,8.542864173503904,2.139355367974243,65.81639093305314,0
u1,79,9.319330518714098,2.3303463635867225,66.8353464289022,0
u1,80,9.313863095090044,2.2443649254715696,65.99093312752926,0
u1,81,9.998904376329792,2.1877746290402325,66.22411029315018,0
u1,82,10.397250311468083,2.275342711575748,66.07031955022988,0
u1,83,11.473443509170913,2.2418451996385604,66.0750778152676,0
u1,84,11.258117155485737,2.5287141635072565,67.11516790827213,0
u1,85,10.629264819974507,2.458163975694945,66.47195808704558,0
u1,86,10.469495321127786,2.379202735868338,67.13578311860971,0
u1,87,11.046591590639094,2.537994413889003,67.06117127661746,0
u1,88,9.950057966196368,2.4077368307647617,67.7394899128732,0
u1,89,11.329125591959075,2.323871579867174,67.86683105264348,0
u1,90,10.867776527871467,2.5723124077269657,68.41876997212896,0
u1,91,10.020864635354142,2.483891004368466,67.84499180057263,0
u1,92,9.510106593173468,2.3362753845673545,68.16506253235333,0
u1,93,11.27388810202641,2.430966132191639,68.01061814210884,0
u1,94,10.842346832805214,2.372438174661524,68.47785336996195,0
u1,95,11.827510677401715,2.3317200269035667,69.08865024652243,0
u1,96,10.658935838847544,2.572617754753164,69.47849430832268,0
u1,97,11.291273568180838,2.6809416640470127,68.8389173379112,0
u1,98,11.594568938513072,2.360143242618086,69.93480296005283,0
u1,99,11.497366733620225,2.566296923669057,70.37781892940248,0
u2,0,6.150441094505794,1.4119570647503716,49.91106688581685,0
u2,1,5.868828213591258,1.7254794181984365,49.760625689168265,0
u2,2,5.477990263073005,1.3518070592116278,50.82787806278676,0
u2,3,6.978939592492503,1.7396456368290039,49.95269634889025,0
u2,4,6.477420418540494,1.601101746720262,50.506564177919316,0
u2,5,6.1509603910671995,1.5803286888129608,50.58013447086291,0
u2,6,6.480630329145295,1.545508091319105,51.723488942176864,0
u2,7,6.061617537397971,1.649913611435207,51.298277388255784,0
u2,8,8.208579144828555,1.6162365297575152,51.91592226973432,0
u2,9,7.424282613036151,1.7403301882016522,50.85721981348151,0
u2,10,7.732585181986591,1.651422764866204,51.933525132934626,0
u2,11,8.24979187672569,1.6650301761461879,52.444815397811716,0
u2,12,8.203055807432905,1.6236387787786146,52.24114199463771,0
u2,13,8.0283130748935,1.6643054376278932,52.93274018753267,0
u2,14,7.397328657309457,1.7107801768892061,52.34135577494981,0
u2,15,7.891867112822878,1.5189831607343374,53.50467372009279,0
u2,16,8.51646533610795,1.5651814577894287,54.14944906180963,0
u2,17,8.276678247106885,1.7843264094022715,53.01858071978017,0
u2,18,8.56245482681205,1.7370865438127943,53.177248739299614,0
u2,19,7.793969720338534,1.711601666364732,54.32669223855884,0
u2,20,7.9161162423978215,1.7418433933065394,54.58978607286535,0
u2,21,8.72199405950568,1.784758170536167,53.738569986423364,0
u2,22,9.130965738335462,1.7060240319690638,53.98990659145207,0
u2,23,9.859219821518787,1.6921695274597688,54.259107695569746,0
u2,24,8.541534374214107,1.7995845255097682,53.92777474448285,0
u2,25,10.10636171999121,1.6921627222384967,54.340674026757895,0
u2,26,9.138777433249585,1.8408252755714472,54.49792961662396,0
u2,27,8.867907896788138,1.6397416395762159,54.81610121744793,0
u2,28,8.494616397747317,1.9229155637325643,55.38265755630661,0
u2,29,8.201755385603478,1.8772597482413045,55.71710736626825,0
u2,30,9.602662302980274,1.8656029734313877,56.57525024640704,0
u2,31,9.511452039655296,1.9482690983945514,55.500822979630605,0
u2,32,9.19115370016355,2.026547444446258,56.692161199238285,0
u2,33,9.562563631030665,1.9714370065018132,56.29300557788724,0
u2,34,10.360426430053018,1.6959125768668355,56.57526814517378,0
u2,35,11.571850322434974,1.7620423033264299,57.1374097460833,0
u2,36,10.683186510896682,1.837518142230432,56.43863898921885,0
u2,37,10.015230581208817,1.9126091050210836,57.39120487309202,0
u2,38,10.520125348003077,1.9717659020469123,57.48322610410653,0
u2,39,10.37020214439498,1.8574256186846536,57.84622563200407,0
u2,40,9.077440761413582,1.9586766764477077,57.944584321953904,0
u2,41,10.427251785784426,1.8744617067646678,59.227650069955445,0
u2,42,10.500825243401948,1.8988482197008052,57.88113000787434,0
u2,43,11.24811173597477,1.8293338903151777,58.13450152249909,0
u2,44,12.185827695013717,1.8876766753889096,58.28842973678761,0
u2,45,12.198601029343319,1.8548315394383665,58.52226144041987,0
u2,46,11.819089931927632,1.9024126747022667,58.681306436346745,0
u2,47,11.609292102926412,2.115364179660784,59.79450826555377,0
u2,48,13.524877585710383,1.9250601111168057,60.110252123994925,0
u2,49,12.221626772282084,2.293238206483739,59.314626853125255,0
u2,50,12.075177023509488,2.089331790088089,59.383822213447885,0
u2,51,11.919716883220783,2.068483612369487,60.2357077781932,0
u2,52,11.950141960775264,1.9741642219818787,59.923888477859514,0
u2,53,11.80743451058833,2.1400309879408996,60.71646590887775,0
u2,54,11.754677002573137,2.0224362173762227,60.701461510425645,0
u2,55,12.051794580454837,2.102200981464536,60.04212794250138,0
u2,56,12.670188509940015,2.3560084538268797,61.773752600665034,0
u2,57,12.788821626509526,2.1003940100275353,62.097938836547755,0
u2,58,13.022326883373436,2.2349273326285677,61.09360565475781,0
u2,59,13.640985668650165,2.0596823574874112,61.406149220032,0
u2,60,13.535924572881996,2.136501150950304,61.94293269536245,0
u2,61,14.369229547073154,2.327080063563551,62.167228394993515,0
u2,62,12.16794297086348,2.0973032942212235,62.52927213633641,0
u2,63,13.902748350243982,2.351244855799693,63.40510226938317,0
u2,64,13.89935767414712,2.2507751935455476,62.51152638625297,0
u2,65,12.268135097853193,2.1337533224105734,62.40085137773077,0
u2,66,13.29537970648005,2.2632407739055522,62.31034038599274,0
u2,67,13.564719115584104,2.307255444962673,62.834534980029034,0
u2,68,13.408024795196074,2.2821809962217197,63.3834365135631,0
u2,69,14.09684116578794,2.0729775280109544,64.49727893175888,0
u2,70,14.248677349486073,2.167286282417513,63.54119435048191,0
u2,71,15.889121274022997,2.2252481364448493,64.11189397581946,0
u2,72,15.556467875673121,2.252556657089995,64.19178855196363,0
u2,73,15.678226097785858,2.332067209755068,64.99419663672403,0
u2,74,15.279479404588573,2.2977701000933255,65.8634662129368,0
u2,75,14.217684536181107,2.15646556412899,64.53456561353984,0
u2,76,14.43927044226539,2.338019785100596,64.75528027874088,0
u2,77,14.974732992178197,2.3710585745283823,65.72208043853453,0
u2,78,14.28087509658122,2.3759790447931044,65.74094574481315,0
u2,79,15.532154261175162,2.438078072555462,66.523353662868,0
u2,80,15.416833440982886,2.42339221545489,66.09196409266298,0
u2,81,15.723554603315543,2.3959180079228437,65.82035395460647,0
u2,82,16.584660753827695,2.352983428854136,66.49532741534615,0
u2,83,16.66033320556117,2.203903906648401,66.95435179029144,0
u2,84,16.333361093696816,2.4229618219132583,67.01024109059868,0
u2,85,17.047328949477865,2.410768768716311,67.05363701555365,0
u2,86,15.803327206273972,2.4271578837195373,67.53333734479457,0
u2,87,16.51539372276882,2.282325142417969,67.78464779522284,0
u2,88,16.423296701896433,2.311894345959174,68.09107949551876,0
u2,89,16.000487989414207,2.5353152853332905,67.92435494379481,0
u2,90,16.480221009655217,2.4360444846143343,67.71644095984156,0
u2,91,15.97531375540328,2.5181500697372625,68.07335684321666,0
u2,92,17.424225147172365,2.462831837613046,68.80325448325418,0
u2,93,17.24372943637582,2.4729756139495747,67.99153216450637,0
u2,94,17.3930347569734,2.5738283805976,68.78433665443644,0
u2,95,18.387921660243563,2.4383955271782627,68.60333059383632,0
u2,96,17.586887828841945,2.5096120776940984,69.0143724114674,0
u2,97,17.18864889712093,2.4637724711294955,69.83922593130366,0
u2,98,16.990759780818937,2.4765503772567685,69.49554953400994,0
u2,99,17.935646392476475,2.4990827876531365,69.62321827407807,0
u3,0,6.621330866404487,1.6649552715319336,49.388115519652104,0
u3,1,7.130727300947962,1.5164764788439433,50.8570156769334,0
u3,2,5.6956654018570445,1.7117394065634326,50.004658799618326,0
u3,3,5.86499529431658,1.60975996046924,50.40871643658986,0
u3,4,5.918611428479534,1.8075260872625267,50.93503386534438,0
u3,5,6.745463209855949,1.5410812181910434,50.94784094398631,0
u3,6,6.15459621554224,1.7935963803165251,50.9752094525718,0
u3,7,6.606168652480148,1.6497910783462648,51.28248050123312,0
u3,8,6.98507663573548,1.5748581996385553,52.50170779261914,0
u3,9,6.883492402624868,1.601611416594568,51.47119060148321,0
u3,10,6.543396648952423,1.6279652691805682,51.80054952335749,0
u3,11,6.715766540647331,1.7124165946401917,52.425327198003814,0
u3,12,6.924955078687103,1.7322835488035502,52.652762966478996,0
u3,13,5.62539271751297,1.632629999606142,52.893515152780196,0
u3,14,6.005589784330249,1.697564540773902,52.81936511101459,0
u3,15,5.49491015093829,1.9242270358611864,52.12849754363476,0
u3,16,6.480993329009843,1.8927543170100711,53.71671576615056,0
u3,17,5.284693545505591,1.7736323669674032,52.526827303490656,0
u3,18,6.012333486023188,1.74380034781682,53.45131773261952,0
u3,19,6.744814255050504,1.7620031326718262,53.12286207499032,0
u3,20,7.553440823417647,1.8213517972730418,53.667930826703504,0
u3,21,6.846863138433461,1.6677207434801595,54.06438120515175,0
u3,22,6.578564120804355,1.7542623462576654,54.26067860772514,0
u3,23,7.648850506841739,1.623141592612241,54.51096037711765,0
u3,24,5.753682681472362,1.839922312260528,55.30685563452932,0
u3,25,5.128797816831723,1.874719593970274,54.926767150756994,0
u3,26,6.248662600206744,1.7716813537700626,54.77792168235468,0
u3,27,5.683493874154838,1.9873986763290032,55.58204358414418,0
u3,28,5.462404033905332,1.717423433699766,55.894735244462325,0
u3,29,6.490015649470421,1.703562511979018,54.886196092431504,0
u3,30,6.503245194467846,1.8824451818559973,55.99870003492493,0
u3,31,6.363719430073146,1.9747098302612156,56.25058637115546,0
u3,32,6.220077037388295,2.048392769145787,55.951218248320004,0
u3,33,7.4055173610332945,1.8441115737131062,56.987853406655816,0
u3,34,7.2708149010535505,2.0078680833431295,56.42497220648374,0
u3,35,6.748234468155018,1.9061491530499295,56.76278822673577,0
u3,36,7.490558557627583,1.902737270005918,56.81346408785807,0
u3,37,5.782708839901956,2.018365993748667,57.107789523790736,0
u3,38,5.355443217640976,2.0052322878413418,56.7518624565524,0
u3,39,5.678117379313788,1.7923607843015752,56.779974558702854,0
u3,40,6.039777862216207,2.1076540349725894,58.49725253161249,0
u3,41,6.347057578405355,2.108009135414745,57.47651932584084,0
u3,42,6.35027723657735,1.917443729849047,57.60430382527185,0
u3,43,6.911336871621925,2.0295803533437407,57.223304943198144,0
u3,44,6.324009952551786,2.049403018628274,58.18051912615525,0
u3,45,7.780721426853118,2.0360673765823907,58.03845510329625,0
u3,46,6.994189150801203,1.964969484615458,59.72100758006819,0
u3,47,7.446020743762039,1.9628376632061948,59.60490854467132,0
u3,48,6.8281531607158685,2.0374445929008553,58.955924827411145,0
u3,49,6.635678260565191,2.1672729019259367,60.62621790267215,0
u3,50,6.492639871142712,2.114360015459443,60.1908827434958,0
u3,51,6.337476122186334,2.032938566791389,59.737584308245694,0
u3,52,6.473482678250994,2.1571698710648346,58.850297142563214,0
u3,53,6.979514546733493,1.8051457379369928,61.44547128629537,0
u3,54,6.658706278279516,2.2148765700372106,59.8052137666182,0
u3,55,7.179361480082301,1.9360286221221898,59.87730062652156,0
u3,56,6.994462245426661,2.083755905859687,61.41128521600483,0
u3,57,7.868448160464491,2.018033010537386,62.319876203169635,0
u3,58,6.786619016891119,2.0105318524279094,61.99213640925527,0
u3,59,7.877393472346649,2.266082678737852,61.78195456002618,0
u3,60,6.726261940128115,2.113229879868811,61.99737717083264,0
u3,61,5.781464527852543,2.2046503881730715,62.32670777939016,0
u3,62,6.361358866405273,2.175307942112082,62.47946429489338,0
u3,63,5.862646441363502,2.237704082722312,62.44059571198469,0
u3,64,6.66199350073485,2.2076821891060256,62.55210055197594,0
u3,65,6.078176719939348,2.081700777581143,62.668703436050244,0
u3,66,6.42690440474466,2.319626681944714,62.523017705566666,0
u3,67,5.969639663738544,2.1806243416838686,62.959662461566616,0
u3,68,6.902727360869004,2.084341810134025,62.45352159290231,0
u3,69,6.026000317348543,2.207188483903409,63.45083018660262,0
u3,70,6.422414184101159,2.410075979063431,63.20570444642454,0
u3,71,7.446681011886657,2.3550221742113493,63.348205341392124,0
u3,72,7.228791422698966,2.245134786559214,64.18994707557675,0
u3,73,6.799131287727316,2.255074229568157,64.9960011431723,0
u3,74,5.903369015308539,2.267836494878262,64.95915830300116,0
u3,75,6.26886701995322,2.5176747983560843,63.914749698188416,0
u3,76,6.32942088461847,2.358193545223155,64.40518593171484,0
u3,77,5.914856792917538,2.373004164719107,65.57038559399412,0
u3,78,7.4912457001588875,2.4430283454031847,64.80875630323084,0
u3,79,7.4426416024224125,2.3738789159026514,65.38768342500148,0
u3,80,7.107948861501977,2.3340957854179294,65.97502604951228,0
u3,81,7.340933328083553,2.3503650150915023,65.41582777256819,0
u3,82,7.408107427741065,2.372839874058594,66.15268775307298,0
u3,83,6.13515667752563,2.386277776349016,65.6329872525409,0
u3,84,6.801853080036517,2.4727629543636978,66.19931617802439,0
u3,85,6.334960810759197,2.41519458858073,66.85989096707127,0
u3,86,5.975597509848953,2.493264007721558,66.10350313323417,0
u3,87,6.241722979504499,2.4219283419891418,67.3202373689802,0
u3,88,7.319615845511782,2.447863519031609,67.29018110053666,0
u3,89,6.90401099607058,2.2501799315467896,67.77624497720858,0
u3,90,6.543507482307184,2.551632767470248,67.81195706703234,0
u3,91,7.379802275735923,2.5046488475897997,68.58207021498693,0
u3,92,8.007659094633075,2.5798010109859653,68.16261225132396,0
u3,93,7.879357677965938,2.200374462180631,68.08529722943737,0
u3,94,7.423281636650641,2.708837470478073,68.56114875151614,0
u3,95,6.922106150808254,2.496041037184483,68.97164901451819,0
u3,96,7.364103856026879,2.6308182816737515,68.92443003516286,0
u3,97,6.962246055392241,2.4260094072874465,69.12029584560194,0
u3,98,7.0135545527335434,2.601277390506257,68.94900415609662,0
u3,99,6.789409454711728,2.4446584436826346,69.16854954122452,0
u4,0,5.719146080290455,1.5774973041254856,50.26409707092453,0
u4,1,5.949406115666014,1.6717766299200287,50.07811500470034,0
u4,2,6.023030233547453,1.7390207549017314,50.227943886040805,0
u4,3,7.0426066259760844,1.6657810306351863,51.282501172450544,0
u4,4,6.7481518097037405,1.6210352619843382,50.07824088480993,0
u4,5,7.8451230072124325,1.4988163767649842,51.06392006404062,0
u4,6,7.166109485763307,1.533488633692463,50.828506562448545,0
u4,7,7.82256239728301,1.6194775295645334,51.134296139431626,0
u4,8,7.3140081726368855,1.5990487797840718,51.96423421320627,0
u4,9,8.726337226845384,1.6513028697014556,51.65391787814481,0
u4,10,6.894472776961782,1.685664992489711,51.869148039524816,0
u4,11,7.452548554427981,1.7429692754356731,52.336253668654905,0
u4,12,7.4679153476345785,1.692950122194091,51.81752363522856,0
u4,13,7.31270747247215,1.7586501643826202,51.7803951663305,0
u4,14,7.099539246075629,1.7264474414810123,51.877595402989485,0
u4,15,7.340183296819583,1.5324533433646128,51.616821705312,0
u4,16,7.727481594021742,1.6460664606181246,53.828103564970164,0
u4,17,7.957700179243754,1.7355912444278385,52.44839581713916,0
u4,18,8.79474356546513,1.6390305257158893,53.08937318820712,0
u4,19,9.598276026149218,1.8299928729996204,53.26159335005554,0
u4,20,8.262885015945281,1.9330750832343697,53.75370334890455,0
u4,21,7.778810382351585,1.9118761851697317,54.20786860626965,0
u4,22,8.254080171483347,1.7786557129069793,54.43023674417987,0
u4,23,9.39744207732406,1.9590726136849952,53.908461280715535,0
u4,24,7.559138832366097,1.8348667457202112,54.31643914310679,0
u4,25,8.735315535650868,1.7962914028881962,54.74128997524415,0
u4,26,8.840982691735137,1.778659733645906,54.67565443690823,0
u4,27,7.9382487350147315,1.8197530313511872,55.80367278801,0
u4,28,8.800016606807256,1.8211823181458773,55.44548747581913,0
u4,29,9.6553487008047,1.8870416222375488,55.76743889302491,0
u4,30,8.933189345756361,1.8960573981049866,55.93144063433371,0
u4,31,9.201173554484795,1.8903046020153416,56.386736928742664,0
u4,32,9.060739660657308,1.9436938169746352,56.09051077935185,0
u4,33,8.766282715977123,2.0290646274786344,55.55158402602208,0
u4,34,8.783531632308401,2.0149554135441323,56.59984397587632,0
u4,35,8.305566484298206,1.7815102031550099,56.27432155310409,0
u4,36,8.787967059663009,1.6846078865098044,56.53569165912513,0
u4,37,8.340719726581945,2.0434319911239274,57.293182009377546,0
u4,38,8.928974449774723,1.8233121301584578,57.819141535716824,0
u4,39,8.247044241949347,1.9475234598107318,57.410635788368026,0
u4,40,9.490914392504282,1.862988697394064,57.754416506299485,0
u4,41,10.067864079227324,1.8098019562419982,58.651107472317626,0
u4,42,8.935834604146812,2.054146272820479,58.12037658974428,0
u4,43,10.299941228642194,2.0859155160302647,59.5008415570902,0
u4,44,10.775363823050709,1.962348959927328,58.682754822815774,0
u4,45,9.478789781160387,1.770895770785509,57.71961862042209,0
u4,46,10.75440580744269,1.9853755551747518,59.176670810552274,0
u4,47,9.936995331544788,2.0891804005402546,59.19057919244139,0
u4,48,9.228368606836625,1.9121088431225872,59.84487637704137,0
u4,49,9.507771012464845,2.0883359919779156,59.73659067563498,0
u4,50,9.901194159322642,2.0784690150827005,59.530772008008114,0
u4,51,9.872943969939799,2.1479291499601088,59.18785088185532,0
u4,52,10.404801481802672,2.1119580368414153,59.89548837135699,0
u4,53,10.000712011065612,2.0126931059118447,59.77473977289535,0
u4,54,10.827332046633014,2.2396571501664493,60.109738275097634,0
u4,55,10.21600490444835,2.114147042697303,60.89428920221031,0
u4,56,10.915865505322147,2.1372695460490068,61.63495225217571,0
u4,57,10.441605678956028,2.0566732040926805,61.19733576491149,0
u4,58,10.360303851911386,2.115671774880849,60.60205846898241,0
u4,59,11.155481623649418,2.0815197285973097,61.62230133411007,0
u4,60,10.936478804195398,2.162705394007658,62.19831574332283,0
u4,61,10.65017382092972,2.3611708480142344,61.49510854784031,0
u4,62,9.885823529907928,2.0628098857068644,61.93299141666354,0
u4,63,10.486686258568627,2.0486438602123256,62.207344097364604,0
u4,64,11.551921544751508,2.367117032749361,62.00755084345888,0
u4,65,11.341856473607681,2.2090676322848135,62.924140216921934,0
u4,66,12.712265613788254,2.1730927261340085,62.739525925696114,0
u4,67,11.929470281780459,2.3539904687396076,63.209766221953515,0
u4,68,11.877452303423945,2.199438446026314,62.75625391109895,0
u4,69,11.548950476769608,2.4526009713546935,63.18127084983829,0
u4,70,11.604788484779844,2.3477925871339274,63.96119067891389,0
u4,71,11.271149327036358,2.24120885918543,63.61358342395412,0
u4,72,11.554827291424989,2.5157308213265503,64.8634819256167,0
u4,73,11.633905128055858,2.2494285076996663,64.00018190719268,0
u4,74,10.848934391172673,2.394209537200931,64.51234236287594,0
u4,75,10.789223215819572,2.3599292580406495,65.06629541593654,0
u4,76,10.837219217392702,2.4701741289398798,64.09081713353348,0
u4,77,12.334942889426431,2.5061511196726856,64.11959559400961,0
u4,78,11.810866749892899,2.363200414906577,64.43717184271495,0
u4,79,11.466315274789466,2.294658212965382,66.03129205171358,0
u4,80,12.785666256626843,2.4259972142939117,65.32407092705377,0
u4,81,13.759957676769684,2.3222284630247896,67.07909964283412,0
u4,82,12.344931785801192,2.6013387247526625,65.7178762006713,0
u4,83,12.576578841634886,2.423653533108274,66.2922756515985,0
u4,84,12.05163684153691,2.383467844868789,67.17105497628393,0
u4,85,11.916058352245425,2.448468030586491,67.60304644407955,0
u4,86,12.511416572102966,2.3052873710470303,67.8307517883182,0
u4,87,12.119651629686564,2.352838596148935,67.60418311529656,0
u4,88,12.698967270162733,2.5800413907944426,67.71203126290573,0
u4,89,13.0517453382506,2.404310572102861,67.69626347460058,0
u4,90,12.838454035340748,2.375308901731806,67.98918053808332,0
u4,91,13.8487309552164,2.543665275252729,67.52440714183572,0
u4,92,13.31384628519609,2.6185704154662997,67.59090055828885,0
u4,93,12.945534547489302,2.581895331066507,68.19831277129451,0
u4,94,13.42617137253877,2.6196047685805817,68.31490768873752,0
u4,95,12.518048672695977,2.4543204911430543,68.37338597533636,0
u4,96,12.834761950130124,2.3978189333258157,69.14819372372835,0
u4,97,12.77089288970133,2.7001333651955486,69.47765260428525,0
u4,98,13.404775322707302,2.5277320161157864,69.2442034431459,0
u4,99,13.312087227403302,2.5449166983544957,70.13876504052762,0
u5,0,6.4337888795403275,1.688310977714716,48.41366522699298,0
u5,1,6.092146429327856,1.6022162802987199,50.123710838575214,0
u5,2,7.309546905752653,1.6019520086409376,49.632335907023034,0
u5,3,7.646809731934879,1.9493107567844863,50.05473335884792,0
u5,4,8.783201068441043,1.6698752908365688,50.4659901652845,0
u5,5,8.563526983934432,1.5748208949904816,50.59524983988953,0
u5,6,7.827411334783483,1.6173642403794457,51.05472590856952,0
u5,7,9.22946314290693,1.7848445709196756,50.682256814715075,0
u5,8,8.783588007507301,1.6913270410537766,51.356552899088044,0
u5,9,8.30345058484082,1.5461722021682636,51.17022666120804,0
u5,10,7.776493783802543,1.7919228934575204,51.869405240443754,0
u5,11,7.384498080843062,1.6431855914461009,52.00768374200653,0
u5,12,7.782857516692638,1.9073297776217548,51.4322806489777,0
u5,13,8.746549912602914,1.838004806571465,52.64299105808752,0
u5,14,9.46994126652774,1.695267810434125,52.03201827744297,0
u5,15,9.656066115149049,1.8781016361735112,52.90402889914057,0
u5,16,8.958812350813275,1.7667855510527404,52.88364365670067,0
u5,17,8.86507328989897,1.855277367512222,53.81909183839756,0
u5,18,9.586708735290122,1.8284732817294476,52.98826700881408,0
u5,19,8.594958041844842,1.7053643345009126,53.125341601940896,0
u5,20,9.511415881723446,1.7356450167682538,53.49029019705613,0
u5,21,9.115361304843612,1.9129960817581162,53.548410108582864,0
u5,22,8.833478447179772,1.786522466789346,54.29997095097102,0
u5,23,8.243627030457837,1.7896351536758004,53.291844695781705,0
u5,24,9.402521822899454,1.7444877420650649,53.77315879042682,0
u5,25,9.1125860478063,1.8923599065593462,53.96609853921041,0
u5,26,9.119450560591725,2.0662524919243146,55.17515379598679,0
u5,27,8.625074109258566,1.7632467085745729,55.755306686290965,0
u5,28,10.366240474067528,1.882421945667276,55.04777539073127,0
u5,29,11.487768669764781,2.031222055541543,55.215589138404994,0
u5,30,11.523656083994888,1.8920358608754286,55.53502608155659,0
u5,31,10.427390461219566,1.9552371796249735,56.280939151304096,0
u5,32,10.225486859336602,1.8137606471853123,55.436323432904715,0
u5,33,10.600310590916889,1.972830709720765,56.21918449136739,0
u5,34,9.744064843406182,1.9212855734995453,56.78759881489121,0
u5,35,10.368635378887403,2.048572999567986,56.750547084969924,0
u5,36,10.705522773693376,2.078738605156475,56.794790808299375,0
u5,37,11.169163944465842,2.2289563642018617,57.40052304628357,0
u5,38,10.831092805093329,2.0379633173213576,55.748383853500385,0
u5,39,11.13612920569734,2.0225796316582167,57.63893765976545,0
u5,40,11.117767498101,2.0194384301577335,57.172962158436285,0
u5,41,11.364963559296413,1.9746833707189313,56.784683551571774,0
u5,42,11.756547895656626,2.053848384346169,58.15560129976249,0
u5,43,12.016382207807226,2.000459858986097,58.78682927258148,0
u5,44,12.16014606752055,2.0568460976269614,58.23127574268615,0
u5,45,11.14109485242564,2.181759753560796,58.97643727360147,0
u5,46,12.166362712366523,1.9593457434720358,59.50613912899433,0
u5,47,11.25893849334282,2.1839878561129047,59.557457226792025,0
u5,48,11.488559852213246,2.2117115067339865,59.9199822646857,0
u5,49,11.35885235783621,2.078193147300892,59.671063745535946,0
u5,50,10.845810578083269,1.8878145100991406,59.53771681945079,0
u5,51,12.85674964385278,2.0492178012905566,58.899017094051416,0
u5,52,13.101941604911929,2.249699454656111,59.77696875593502,0
u5,53,12.81450082264367,2.127713193770112,59.67837670234191,0
u5,54,13.080043565106255,2.040069776770509,61.3854713587489,0
u5,55,13.267429928137616,2.099522507877178,60.41205709378383,0
u5,56,12.098841690847088,2.2440620026504554,60.761602403392246,0
u5,57,12.454918853979098,2.2246733568201384,61.17574268802023,0
u5,58,12.993911632584107,2.156106790083031,61.12180122318623,0
u5,59,11.944116447165909,2.1533175588185314,62.147525520215375,0
u5,60,12.822783330357213,2.160824185095618,61.18867531913278,0
u5,61,12.23092815998485,2.11775898155015,61.797303727618626,0
u5,62,13.467906564322936,2.3815375689469445,61.52876470715098,0
u5,63,13.57366706940995,2.197767953078866,61.43998874438965,0
u5,64,13.10271461329939,2.36171585208255,61.994115454547355,0
u5,65,14.714295143317797,2.402131605192245,62.48148160147579,0
u5,66,13.856013282981229,2.3598310898147963,62.485348887741374,0
u5,67,13.781094965664813,2.226837968728195,62.55378951006307,0
u5,68,14.157160082792263,2.3203730090336614,62.39684126816408,0
u5,69,14.47052473225304,2.2875804393609083,63.25844721368565,0
u5,70,13.26562924817043,2.2096298139269877,62.7476398129845,0
u5,71,13.778861948560957,2.3424359281721605,64.08002798184481,0
u5,72,14.06717347932562,2.2020960208840195,63.94121987646726,0
u5,73,14.432532730814561,2.4487679388461565,63.37122425026753,0
u5,74,14.49967321563122,2.293538270270161,64.14539546147506,0
u5,75,14.584734755903462,2.370115965587284,64.1239217972047,0
u5,76,14.67324627581422,2.388328787154614,64.85958725520959,0
u5,77,15.351758272498833,2.344109502629592,65.57022522301158,0
u5,78,14.864000430273887,2.4386693801475277,64.16241376517712,0
u5,79,13.902306807311135,2.342509634337748,65.3575130395737,0
u5,80,15.451916251142059,2.487129729745724,65.41993360221667,0
u5,81,15.524934342968214,2.275402031975325,66.03567003822523,0
u5,82,13.768834804775144,2.4326379579546415,66.00659831411885,0
u5,83,14.419917536168434,2.6238928999058286,65.72401533413058,0
u5,84,15.339103224549364,2.3399668675394425,66.14047303216668,0
u5,85,16.29148852692527,2.3822255029475152,66.10198707159826,0
u5,86,15.598610156716743,2.5113907849658914,67.23800356929931,0
u5,87,15.581008069716987,2.48795817819396,66.91065582433598,0
u5,88,16.172354030472597,2.515063009927356,68.05059534287649,0
u5,89,17.172885405436173,2.5389187130147666,67.26966959309269,0
u5,90,16.25384871159086,2.563472146856177,67.14579661654477,0
u5,91,16.140146910619748,2.6209699841956224,66.94314280369359,0
u5,92,16.169025452858648,2.560981865692851,66.99843016187204,0
u5,93,15.773063483182197,2.505874234538146,67.30793202849725,0
u5,94,16.188397045429895,2.6072573701202733,68.43356332550574,0
u5,95,16.91388298264462,2.739988193489522,68.75436251161497,0
u5,96,16.367826595491216,2.5467366253617425,67.90940464898394,0
u5,97,16.31332490589271,2.472547069532936,69.34751915703806,0
u5,98,16.6190685333077,2.6907080669286976,68.85846947415827,0
u5,99,16.340175000869664,2.5779618836046403,69.37339650599277,0
u6,0,8.048471052598705,1.4398942265847263,49.81473742096587,0
u6,1,8.00486851793901,1.575732620026598,49.5030869306136,0
u6,2,7.610385266853113,1.5612216248091761,49.66774257934469,0
u6,3,8.469857788831025,1.5879152401748886,48.99806881779662,0
u6,4,8.73837238352069,1.643185618141521,50.51770901510461,0
u6,5,8.234729359357038,1.6227909422302873,49.78037080257326,0
u6,6,8.450333750156327,1.4820700189624212,50.62996631513317,0
u6,7,8.304596707404142,1.7647910256117534,50.938688468979095,0
u6,8,7.935851224466918,1.5927256974260193,51.68032929791933,0
u6,9,7.59807323034207,1.733924686411115,50.54558980044044,0
u6,10,8.010835588572169,1.9274082669749975,49.89024392208959,0
u6,11,8.28103374369273,1.638061540841358,51.69192477237685,0
u6,12,7.745157555734062,1.486971247725367,52.700255590755425,0
u6,13,9.263551538423652,1.7213995778119888,52.61947317646972,0
u6,14,8.744619619279497,1.8700959634998573,52.30482970763731,0
u6,15,8.946479977828522,1.9658347454220593,52.154181907183975,0
u6,16,9.30566543246668,1.6570450405547583,53.00356129831866,0
u6,17,8.952547906468244,1.839669922323652,52.31322690014776,0
u6,18,9.100151268562966,1.7534689543219946,53.238178884678106,0
u6,19,8.517353566429534,1.7994051645695865,53.452735079583306,0
u6,20,7.8496812459546,2.0844343347017036,53.930104953749435,0
u6,21,8.211447001260716,1.6797029671604848,54.97983001945554,0
u6,22,7.46226586683234,1.8653739661494573,53.99620798358938,0
u6,23,8.22196398970015,1.8967693171765432,53.74551818714625,0
u6,24,8.38136281703712,1.9685786324939345,54.187212843904,0
u6,25,8.561647637818114,1.8797983153470894,53.51546204755544,0
u6,26,8.837265647606028,1.9108050539504102,54.25264343445547,0
u6,27,8.103751361511144,1.8508351432578207,54.59535878094344,0
u6,28,8.784816484871786,1.926912694124511,54.737955801032705,0
u6,29,8.989983009310915,1.8756807724502589,55.27617743601686,0
u6,30,8.81113186550891,1.9821571889856053,54.9887900338089,0
u6,31,7.967574631269509,1.8930389663956366,56.16051533366224,0
u6,32,8.896374571611036,1.9777100393902187,55.8001035324591,0
u6,33,7.705228532454277,1.9470737186315024,55.995349839430695,0
u6,34,8.626478288659902,2.072605025077217,56.03605264174354,0
u6,35,8.488902035651595,1.9648606276411513,56.47759534192949,0
u6,36,8.182484875341313,1.8026967531793119,57.01254913233382,0
u6,37,9.660982230663,2.116192150071399,56.36643489214455,0
u6,38,8.412336705351118,1.909426769913738,56.67094175546237,0
u6,39,9.611873688968826,1.9446233661351182,57.04813698561166,0
u6,40,9.66709081566762,1.9604338705956508,56.72706453826339,0
u6,41,8.715871172105901,2.167443809317082,57.19037107013925,0
u6,42,9.535057037446236,1.8264325786021303,57.561889563227666,0
u6,43,8.464009662336874,2.3637748533659995,58.43719459035636,0
u6,44,8.515488183722479,2.165605680906605,58.33128066450096,0
u6,45,8.376097593851,2.092323891412916,58.49679495568377,0
u6,46,8.182216035565121,2.0745105999383715,59.02544898108399,0
u6,47,8.788329709199507,2.1185554074857658,58.7313141058003,0
u6,48,9.009963608443183,2.152112242837934,59.195232424964445,0
u6,49,8.006681515643018,2.1745215585950057,59.14838912353375,0
u6,50,9.768945960572298,2.175560446600345,59.53268117469981,0
u6,51,8.42867132604985,2.138958068125525,59.30862067119421,0
u6,52,9.790693476720824,2.1202661579692674,58.58059142086178,0
u6,53,9.722154562961876,2.1348726716346493,59.93286041890685,0
u6,54,8.400961890210334,2.140509171964732,60.911374068049966,0
u6,55,8.491246493562919,2.2833770096867063,60.863107701120796,0
u6,56,7.925909752743446,2.2393556722280863,61.082698742295584,0
u6,57,8.246096877224886,1.8959611365335722,61.41806536090311,0
u6,58,8.202973982111391,2.2655900776529765,61.044328795480716,0
u6,59,8.880376556658149,2.2294736194718774,61.29865785370279,0
u6,60,9.375994339130743,2.2181291243554107,61.091174052282824,0
u6,61,9.68641012556095,2.1911481546911116,61.44196357198648,0
u6,62,8.943312543747934,2.3524112719986014,62.107885574885564,0
u6,63,9.26292710109929,2.3447526462122856,62.601942218584405,0
u6,64,8.540321996343385,2.1827122332176394,62.1302768621595,0
u6,65,8.863487679203855,2.3107052287124534,62.17490536757429,0
u6,66,9.536491639770526,2.182834326545872,62.6002639794283,0
u6,67,9.612065767218194,2.152038183521107,63.100603374464555,0
u6,68,7.969208368950317,2.2373282775410037,62.27807259193323,0
u6,69,8.164945980696674,2.396239347238276,62.05190952343138,0
u6,70,8.451408963628662,2.415312504537609,63.12473157525421,0
u6,71,8.738247587837147,2.3813085420097293,62.98964378704292,0
u6,72,8.423658924013983,2.4125095786847996,63.54592990117634,0
u6,73,9.30821946030188,2.4016178287114958,63.92610984059126,0
u6,74,9.09509760140549,2.295851840477705,63.97337579548849,0
u6,75,9.467932620436278,2.4131922544673943,65.12623376723538,0
u6,76,9.762803934359574,2.460040952522768,64.76337238230117,0
u6,77,9.377254565261282,2.4654291329813574,64.95023717980543,0
u6,78,8.94349359586238,2.5188913371474646,65.31110357202171,0
u6,79,8.857090171385027,2.4808303847201065,64.63058344110962,0
u6,80,8.649822043191474,2.455144820754158,65.91955589371014,0
u6,81,8.38379331323592,2.5370150238316427,65.56211785673227,0
u6,82,8.442834528678436,2.4373478740750945,66.13524030862062,0
u6,83,9.505111311583565,2.3618125348772283,65.46407138347992,0
u6,84,9.216541125849288,2.4436933036056234,65.42312061699197,0
u6,85,9.056069496959122,2.3955097355193553,66.80894482901252,0
u6,86,9.788115195100179,2.412482172502562,66.78820476304877,0
u6,87,9.415869728901274,2.4755481329284486,66.34897422282125,0
u6,88,10.183844847054909,2.420758007900004,66.56516845936265,0
u6,89,9.666485244358723,2.4792038470360964,67.76271739220739,0
u6,90,9.215656187027411,2.3306385333046213,66.80529405356634,0
u6,91,9.243374254156944,2.551329370737294,68.42133647662799,0
u6,92,8.016186164663756,2.5401205475362225,67.34968963267607,0
u6,93,8.113035811625945,2.468291136893181,68.31919596280419,0
u6,94,8.082890774716324,2.6259245668432407,68.03569076212551,0
u6,95,8.884879991616923,2.6637570137626563,68.70159371554118,0
u6,96,9.909959619525075,2.4192440135631026,68.32794299894292,0
u6,97,10.427080446973878,2.5137275221433786,68.71860354696386,0
u6,98,9.866284261469055,2.5230857650212704,69.02045958769786,0
u6,99,9.940822429155375,2.5160096898891138,68.69890627210927,0
u7,0,8.86235821077341,1.5963280263959403,49.71947025023481,0
u7,1,8.668817151919082,1.643386738537418,49.19137340672654,0
u7,2,7.9474296701524665,1.8699721789166515,49.42084912302698,0
u7,3,9.064205707961447,1.6452974299254004,49.349922883514154,0
u7,4,10.196146639667752,1.644165984797878,50.319750615310106,0
u7,5,9.168798356077081,1.625245819436484,50.689468251756054,0
u7,6,8.57924856586914,1.7744191971499936,50.72888643307594,0
u7,7,8.357835399022854,1.69187758267819,51.537246216673765,0
u7,8,8.527644828376795,1.6550626961678576,50.89720199058547,0
u7,9,8.948584078517536,1.8621304032273014,51.43437082779625,0
u7,10,8.344234502346314,1.8819603004513636,50.75414956193034,0
u7,11,9.794880202738963,1.6899576434261294,51.3064501487628,0
u7,12,9.872763198187451,1.5733460048639385,52.04776887878288,0
u7,13,10.063499074100713,1.8707513689836923,52.32455105537157,0
u7,14,9.986248740978395,1.7115370174239999,51.9530165261679,0
u7,15,9.707942290131935,1.869062559916277,52.26420037407097,0
u7,16,9.864683918868113,1.6029896182288166,51.7410631266596,0
u7,17,9.610817651022169,1.8992597338299309,52.52148539959669,0
u7,18,8.950272772289233,1.698882807071922,53.34519158175989,0
u7,19,8.740894299201946,1.9030764119066523,53.38760250805328,0
u7,20,9.105754401625175,1.8414273067836433,53.5503328606906,0
u7,21,9.987948968700934,1.7546060580603355,53.52488684359048,0
u7,22,8.853501744197194,1.819296368707322,53.70353157931408,0
u7,23,9.042371094551715,1.93863184569567,53.56983943026327,0
u7,24,10.135867333108498,1.8905894453115235,54.44941421010126,0
u7,25,10.268264434198166,1.9484412980472485,54.51048647219469,0
u7,26,10.392096075782145,2.0976440584515488,54.7460094239964,0
u7,27,10.3585249322626,1.753575838828895,54.4369825786662,0
u7,28,9.955066545590713,2.0817212574968624,53.823328540064374,0
u7,29,10.598256675475932,1.9404355937523214,55.64857635587684,0
u7,30,8.8652555105449,1.8501215951676873,55.060581271995794,0
u7,31,9.151861045283683,1.816968637426101,55.06861211797844,0
u7,32,9.541613245943068,1.9410879609222969,56.046739455956995,0
u7,33,8.930258859399666,2.062165011192446,55.70399368004043,0
u7,34,9.92354245183152,1.9672450879622465,56.629968192023306,0
u7,35,11.145283182315357,2.141115493024735,56.608502974788344,0
u7,36,10.60234452866163,1.8548824309948442,56.84178466160024,0
u7,37,10.896585408152909,2.0087911052153946,56.01702214439973,0
u7,38,10.21375723303406,1.894760655558688,57.5059719926932,0
u7,39,10.466782001312021,2.066363188262497,57.23062526561692,0
u7,40,10.417483854769554,2.1286887390097298,57.11536143037689,0
u7,41,10.232881779820184,2.007923820631895,57.571694233671124,0
u7,42,10.84494376930845,1.7995786143372867,56.81188238355084,0
u7,43,10.383369460059777,2.089894814679649,58.10432640574033,0
u7,44,9.575926019572485,2.123673855173351,57.58531424590896,0
u7,45,10.413520026216162,2.13042947549617,57.62366485707823,0
u7,46,10.798994900319355,2.2235782191822153,57.73882040689105,0
u7,47,11.423036990735389,2.0028946320350953,59.25634418749496,0
u7,48,11.920585999821245,2.188021610545045,58.5853683031536,0
u7,49,10.812102231403042,2.2492507512477977,59.86686385495825,0
u7,50,10.97682523203859,1.9621412415993484,59.03209926847385,0
u7,51,10.684588147897864,2.1819651825918975,58.646321021203526,0
u7,52,11.026486487401444,2.1095820168992327,59.141737780025665,0
u7,53,11.163332887444877,2.1618477326898358,60.51790581000347,0
u7,54,11.236203502124525,2.214767648353834,60.02205091103166,0
u7,55,10.604962789899362,2.1412771435886446,60.0258563517547,0
u7,56,10.510145608436988,2.1324291920838387,60.58000911292639,0
u7,57,10.904561005147938,2.2134152417488027,60.95089136808377,0
u7,58,10.670726947279363,2.11127540611372,61.45869940795123,0
u7,59,12.436146204345553,2.1214174871114815,61.82424961494646,0
u7,60,10.864899515001435,2.3079373282956506,61.12011567710545,0
u7,61,11.950433988788248,2.135120596484134,60.83697615695898,0
u7,62,12.932471469281989,2.3266312500909216,61.49326741943836,0
u7,63,11.855191371658577,2.3162591292853953,62.03014025329144,0
u7,64,11.586891271477597,2.1074193271209403,61.618120536894686,0
u7,65,11.289845360839905,2.2222435347664344,61.82142454255248,0
u7,66,11.190754774972179,2.4194109403047377,62.67189394077494,0
u7,67,11.8677769110823,2.211883446886032,62.67567382421477,0
u7,68,10.102552786423068,2.2735595737690617,62.91639849770579,0
u7,69,12.133813231695141,2.3762060893251897,62.72075233264996,0
u7,70,10.914734193892711,2.41833905092826,63.18479964289711,0
u7,71,11.79646505090437,2.3248461113955505,63.03788342786585,0
u7,72,11.992522190434547,2.300248980530836,64.1450992055624,0
u7,73,12.690754706249157,2.512236986169851,64.41762466736186,0
u7,74,11.660020555748707,2.5538899663797583,63.176906068880946,0
u7,75,12.621292154442962,2.4878858050781796,63.83524456990379,0
u7,76,13.232479972645182,2.408531814256502,63.75173537245496,0
u7,77,11.325395441972125,2.3291734278359075,64.37498803279655,0
u7,78,11.914218071681995,2.336955559344344,64.85828101510481,0
u7,79,11.388775956869141,2.482251410526576,64.37517739015072,0
u7,80,11.95984171720775,2.4818398220888684,64.83907009343734,0
u7,81,11.915084641778266,2.5901598592946433,64.99802131395926,0
u7,82,11.844383687619036,2.5250450092536143,65.80363366469948,0
u7,83,12.712141729980525,2.3196919698240186,65.93467216851812,0
u7,84,13.647732827500661,2.585194761772292,65.73913122333137,0
u7,85,12.839440547523557,2.3901939372685588,66.38841043606969,0
u7,86,13.35737607478808,2.461602872804765,66.22665995770637,0
u7,87,12.281983714489819,2.53502002062517,66.56417244483697,0
u7,88,12.28052134461616,2.7195667489783966,67.73672604514925,0
u7,89,12.781599955232128,2.8409918556005365,67.77023052589517,0
u7,90,13.099837374168185,2.6006723059136183,66.6502093815362,0
u7,91,12.435988092183685,2.5316803381279613,67.91486620893959,0
u7,92,12.128783470873062,2.6134505648480553,68.10569827724579,0
u7,93,12.443570827805475,2.6587655425873837,67.32586835562368,0
u7,94,12.078337647179746,2.5479332374442807,68.50938882187742,0
u7,95,13.30887762274608,2.7695211355912326,69.06896595920627,0
u7,96,13.725139675792402,2.62300707591914,67.9387275968778,0
u7,97,13.247261648994076,2.6597743089091392,68.24124858949287,0
u7,98,13.30089040185765,2.686592425205446,69.40883073342174,0
u7,99,13.599973680274832,2.672158661061446,69.23574765541282,0
u8,0,9.800322338823669,1.6370200369424805,49.428640202307626,0
u8,1,8.942494762113956,1.5848593565739686,50.12791116107339,0
u8,2,10.025102091577608,1.6975211418908511,49.95225326991236,0
u8,3,9.9325579108495,1.988525900260341,50.194528343687765,0
u8,4,9.09888052724919,1.7367481665474305,50.04191331396468,0
u8,5,9.140806544999107,1.6786470313827602,50.905229572601755,0
u8,6,8.470497733442382,1.8121801501977253,50.60488139797975,0
u8,7,9.699234199147272,1.7782687887209212,50.16945604491322,0
u8,8,10.039234914326046,1.782009449045184,51.5016849850626,0
u8,9,10.0826027929286,1.810685059321567,51.34895163626951,0
u8,10,11.01687378104393,1.9656543564829543,50.97847798943576,0
u8,11,10.545501149323883,1.6569111564674084,51.160253516300386,0
u8,12,11.128148047274458,1.8273632076811455,51.748287772570386,0
u8,13,10.336769362891499,1.6973618870018459,52.031592397633794,0
u8,14,10.730537868797825,1.855551264634225,52.0986461328156,0
u8,15,10.501456491652256,1.7181313488513903,52.35565433672144,0
u8,16,10.567100566271733,1.7782633186394914,53.2499786872882,0
u8,17,10.218652261457418,1.8004910085762091,53.13577157611744,0
u8,18,10.41118589285247,1.9375816719344707,52.895317795632515,0
u8,19,11.096001112827166,1.9418454443942412,53.47065529038374,0
u8,20,10.775694780817927,1.7354282623553614,52.683738048236236,0
u8,21,10.551280457026976,1.8754934110999848,53.59896352497341,0
u8,22,12.570359759179448,1.8090420145250827,54.504653174866554,0
u8,23,12.644137510127155,1.7641495089324664,53.690977052303815,0
u8,24,11.440584442742907,1.8782982949575628,53.576183035690455,0
u8,25,12.432326140828211,1.879151721154418,53.873955555703475,0
u8,26,11.731697264927332,2.1626716486345523,53.85518348132881,0
u8,27,11.961247934237264,1.9732959825360696,54.20761904593615,0
u8,28,11.84242937572607,1.8022382499245762,54.61474595070499,0
u8,29,11.527082531683995,1.8935225995829057,54.297216490410676,0
u8,30,11.325910063863164,2.06213832954294,55.207809166974805,0
u8,31,11.578577706916343,2.1788442772869927,55.85113858689333,0
u8,32,11.776851647664474,1.8214016687762042,55.14612190992654,0
u8,33,12.179528609249154,1.8020075614860955,56.55964196182089,0
u8,34,12.90284936802012,2.1870965175371784,56.2553960442638,0
u8,35,12.836401182194598,2.0489614177370905,56.71529029281203,0
u8,36,13.668612529120086,1.9331707268123632,56.071082723073935,0
u8,37,14.07196602184164,2.0834629086122436,57.02726261353331,0
u8,38,12.934028735486043,1.776425226098312,56.254033049802345,0
u8,39,13.190077282807481,2.0503375506597163,57.445123750418254,0
u8,40,13.186030572338847,2.0927821172843086,57.28591966989677,0
u8,41,13.121158273269852,2.162427013953783,57.6766256099924,0
u8,42,12.996641236582466,1.978610404770746,57.012202697187575,0
u8,43,13.536060148222395,2.0985687161403357,57.352465078861705,0
u8,44,13.716942787713483,2.0074575373940413,58.298614109126696,0
u8,45,13.217479208168788,2.1355383755674318,57.7258259978879,0
u8,46,14.611887251207492,2.0304653677636977,58.631603146049564,0
u8,47,14.878797301351403,2.0891899160839777,57.91643109676988,0
u8,48,14.186814150142544,2.040418460520977,59.224087106333336,0
u8,49,14.588182567865536,2.215113624182366,58.38373834261574,0
u8,50,14.806590558544654,2.2458451116656666,59.47614996883976,0
u8,51,14.206588828718175,2.1465379430042586,59.71281546682301,0
u8,52,14.713547747038447,2.183823799496003,59.25161409078521,0
u8,53,15.307964091087957,2.0451408585366457,60.09101328354237,0
u8,54,13.806541292274991,2.1700323351993216,60.13022113166678,0
u8,55,13.715067343433708,2.2049795382958255,59.93057907190364,0
u8,56,14.868598315143652,2.4820793091029976,59.895722657961905,0
u8,57,15.437962377863567,2.118803297422584,59.61868715416371,0
u8,58,15.30274673805853,2.386417723875244,60.97482502364985,0
u8,59,16.402652920346608,2.3496858773465807,60.21759861431897,0
u8,60,15.14002500833827,2.288063640449014,61.24767209972066,0
u8,61,16.156543667625602,2.4458620484195133,61.26827589195888,0
u8,62,15.402866357727737,2.3172105472606868,61.9395713877191,0
u8,63,16.41180539757956,2.328915919566793,61.64897725025507,0
u8,64,16.414187105707562,2.2946879346982456,61.835276106826456,0
u8,65,14.983570255854662,2.4323568882418627,62.56593535214415,0
u8,66,15.165626446606254,2.4296469233810885,62.56752901454207,0
u8,67,16.076254294468555,2.267432271250379,62.75807797859139,0
u8,68,15.763994398414516,2.2080752805401236,63.034633794904266,0
u8,69,16.29534622230243,2.3297019362604345,62.23221393839645,0
u8,70,16.671744841220182,2.279996143560236,63.578394339993494,0
u8,71,15.957056716555323,2.3636475425384647,63.70623439700681,0
u8,72,17.043279741120834,2.503743813468414,63.09165843571176,0
u8,73,16.706091175045767,2.344269834491321,63.6779597631629,0
u8,74,16.70010606287536,2.3957176618688427,63.98034635618619,0
u8,75,17.514803152178377,2.4158022734808395,64.13275160779914,0
u8,76,16.030546687951936,2.5048430882205284,64.56692998328427,0
u8,77,17.014371849088388,2.2053110666015394,65.3156833909156,0
u8,78,16.5417942553627,2.3793299705234707,65.34088336383641,0
u8,79,16.747450972698797,2.4711283692279475,64.34389040328429,0
u8,80,17.593616377303192,2.580007895642686,65.51103499515303,0
u8,81,17.72894818452106,2.4208097552493797,66.06446665976772,0
u8,82,18.185227835526803,2.292344729395813,65.79340426034462,0
u8,83,18.641856330888643,2.551971144596614,66.34549021259298,0
u8,84,18.125415128544354,2.436463761117437,67.00613522285039,0
u8,85,17.985707400792037,2.391033334090964,66.71185477305349,0
u8,86,17.644962916764406,2.4575654610286777,66.52465429782087,0
u8,87,17.621152591422558,2.511547464234415,67.12254423704239,0
u8,88,19.374218053713985,2.4795255335461786,66.87244391654845,0
u8,89,18.470979752050848,2.3294433942900934,67.01195152164247,0
u8,90,17.246609243392648,2.6497066196887133,67.02429288214314,0
u8,91,17.466972784542985,2.6974875041278725,68.18170667941607,0
u8,92,18.680234166104636,2.6451521991339506,67.190785667029,0
u8,93,19.073425641893657,2.4762314329575186,68.56618386233906,0
u8,94,19.415233960543777,2.579850846605248,68.24993206187018,0
u8,95,19.271156809813423,2.6093478684770544,67.50034691259903,0
u8,96,19.469212896102626,2.679879438956191,68.58382464649571,0
u8,97,19.696636236093653,2.696834048871808,67.5499867461742,0
u8,98,19.47135538915803,2.5665826201221504,69.11275400841552,0
u8,99,18.165078376006324,2.6581995556413562,69.44261574149449,0
u9,0,10.56466676836561,1.6521116605849242,48.74058380619564,0
u9,1,9.080560907021269,1.774515797118432,49.672502656438645,0
u9,2,8.56304461409639,1.6951102816525894,49.40265135194166,0
u9,3,9.670501810037218,1.5694810153196423,49.66790591144576,0
u9,4,9.870203714188321,1.714759554942253,49.94587624222419,0
u9,5,8.983318925325861,1.9004105516255492,50.22612019821334,0
u9,6,9.688613945710223,1.864689171553472,50.24188547843902,0
u9,7,10.110245132028828,1.7437995990633968,50.607356591585265,0
u9,8,9.311671863440854,1.8551449277058087,51.48905902878109,0
u9,9,9.605560314763995,1.7333492979631948,51.39272484280761,0
u9,10,10.506881432827404,1.609612841317328,51.53457729624845,0
u9,11,10.643861299044389,1.6975534011870446,51.07223023698807,0
u9,12,9.883854205092316,1.9562888768508198,51.05537958588584,0
u9,13,8.90835280591588,1.7826006918170694,52.17765027911888,0
u9,14,10.10085468698908,1.7956616020624983,52.338023396264894,0
u9,15,8.679010383414607,1.8000161803725119,52.83633533787549,0
u9,16,8.73616695185187,2.0304136589573005,51.99800968701539,0
u9,17,9.16746573016142,2.0125958915362063,52.38522567231983,0
u9,18,9.974788361878103,2.0818780233448133,51.880257918737286,0
u9,19,9.88132088605417,1.8540954789599948,52.703764446969565,0
u9,20,9.90517245340567,1.9095624488747094,53.598285255289724,0
u9,21,10.094683221021652,1.7383357450579207,53.06675231038591,0
u9,22,9.92802723408644,2.0476934426118274,53.82023989760041,0
u9,23,10.095249640464058,1.7932220448732064,53.6047484470011,0
u9,24,8.352459459672655,1.941677556376263,54.06202851411078,0
u9,25,9.214781976646677,1.8202697472367155,53.52615430509217,0
u9,26,9.242810822112421,1.8811133173261303,54.34260472481696,0
u9,27,8.383814514025504,1.8662737568950298,53.004432014549636,0
u9,28,9.111723224858045,1.899212473932418,54.60655192091901,0
u9,29,8.908886925938218,1.9160877296851022,54.084763378142426,0
u9,30,10.09027172419313,1.9251731205074922,55.702997258273406,0
u9,31,10.255668483900156,2.0733333911780307,55.68870367638226,0
u9,32,9.479662642180303,1.889513720693748,55.73333549098304,0
u9,33,9.802445823693922,2.0320541427013867,56.46050311357969,0
u9,34,9.88412184047518,2.141795915230556,55.42554173958758,0
u9,35,9.605175868639662,1.9786803635486605,56.97368159895778,0
u9,36,9.72957771404854,1.9682081109252396,56.76609578213019,0
u9,37,8.998770395252453,2.026947537481975,56.381722356390526,0
u9,38,8.571667910699938,2.177972520836071,57.26781007359148,0
u9,39,9.285502891300062,2.089410763095336,56.34685324379418,0
u9,40,9.248152081577839,2.0268785705392403,56.687742919236165,0
u9,41,8.623790380115949,2.1383876651188043,56.99570513838015,0
u9,42,9.675037313931355,1.9897707850163575,57.23551114596799,0
u9,43,9.16819548022473,2.1781359510442946,57.171721178619876,0
u9,44,9.853973769273045,2.160860730770177,58.511541533547664,0
u9,45,10.302862409298168,2.0992191528861115,57.97057279981509,0
u9,46,9.91911506444219,2.056141420155277,58.476252484178445,0
u9,47,10.073201786304713,2.0613319077716543,58.21482431679316,0
u9,48,9.388676123605363,2.213481733634591,57.78969834972575,0
u9,49,9.294503861496867,2.2928980502489065,59.03502867919571,0
u9,50,9.048871586243198,2.1162692252971205,58.143872512290116,0
u9,51,8.615683829594479,2.2358386703551485,59.26568297695727,0
u9,52,8.859825931423714,1.991297298139793,58.8158424805836,0
u9,53,8.266464834028744,2.15153822693428,60.693637999615405,0
u9,54,8.996608448493674,2.21689410671291,60.355681361087356,0
u9,55,9.356372321637235,2.1390316583018163,60.15287689563574,0
u9,56,9.614126997521032,2.1463493625210406,60.93185333882734,0
u9,57,9.78676740357122,2.1832220443531116,60.07684201126713,0
u9,58,9.91986497037865,2.2892192728326375,60.97173968933505,0
u9,59,10.100377812791844,2.2512670981593628,60.999905216859354,0
u9,60,10.098975206130081,2.056176876667503,61.232010040666836,0
u9,61,9.082680263301455,2.0779299847364934,61.93617675005339,0
u9,62,8.565026597503469,2.239313482214283,61.8662460513899,0
u9,63,8.482776520257715,2.3557686586053554,61.84436183141251,0
u9,64,8.71943727589881,2.045249515727477,61.07255628188585,0
u9,65,8.879639048067034,2.280026982384837,61.61997685236027,0
u9,66,8.872013012480668,2.287375214348258,62.238645533202146,0
u9,67,8.86557745971179,2.4888337778208447,62.54668618713833,0
u9,68,9.528982183546303,2.321497818828714,62.13489813766304,0
u9,69,10.013055160078265,2.408298898474093,64.10583833778921,0
u9,70,10.263087526741169,2.3941257140087466,63.858197027626794,0
u9,71,9.596771250709324,2.17694335201928,63.60105916019625,0
u9,72,9.470043481506771,2.4768207216631737,63.53601843064188,0
u9,73,8.959039445816604,2.431539650545629,63.59389551504942,0
u9,74,9.165733163525323,2.4708268639674595,63.424040769988885,0
u9,75,8.594410132798531,2.822623770643633,64.13874025925942,0
u9,76,9.264428366631543,2.231588706050141,64.42887627007137,0
u9,77,8.177492184522901,2.6224696649761112,63.87911971225919,0
u9,78,9.09202193286783,2.4312552480599647,64.86708820862243,0
u9,79,9.679015184947277,2.498732890440301,64.82237047558762,0
u9,80,9.863785578959318,2.475448775469876,64.1460962210613,0
u9,81,11.283684405526197,2.4475763666601957,64.86980749461024,0
u9,82,10.15529852962201,2.4430167071761244,65.29319723328918,0
u9,83,9.388281202357149,2.542950873557301,66.64384382867009,0
u9,84,9.643635992548623,2.368282630332832,66.17827656226687,0
u9,85,8.5490911570217,2.605057916752177,65.43225921545005,0
u9,86,9.155978597579002,2.4983805595114745,66.54301814470881,0
u9,87,8.616922144908232,2.4369930660959644,65.72634800553082,0
u9,88,9.450385321305696,2.5149987142004187,67.24134552694352,0
u9,89,8.81048101670686,2.6957149216862577,66.66443767409105,0
u9,90,9.228279534711113,2.5264664912983776,67.05318190563041,0
u9,91,9.225508318163874,2.6258453618209625,67.96289832377109,0
u9,92,10.656119720239397,2.5269043724284526,66.85641821570788,0
u9,93,9.791371913991663,2.6857921849923625,67.0014409074435,0
u9,94,10.911502762592326,2.6885507738790206,67.60820033682698,0
u9,95,10.312210105351957,2.8148608833296414,68.61918942550965,0
u9,96,9.94722720327552,2.6224436054500786,67.54032696226157,0
u9,97,9.63640662092836,2.7168654804757906,67.08392220094471,0
u9,98,9.408002844850177,2.6698067539538948,68.47442057079549,0
u9,99,8.084439607250472,2.799587178186302,69.17587039995546,0
u10,0,9.762328490945078,1.7491207665411996,49.68526807199836,0
u10,1,10.417035170073058,1.6741970620253013,49.547601450042,0
u10,2,8.896584365249774,1.7060602799336766,49.541875511830746,0
u10,3,9.762361356955472,1.803965315172467,49.10606332954963,0
u10,4,10.28941448826299,1.5490643912492708,49.37657451693732,0
u10,5,10.717303811329513,1.881830232485267,50.624809452648336,0
u10,6,10.529369877071886,1.767268052432934,50.58967450195267,0
u10,7,11.020187493836433,1.728850685543782,50.380490240311225,0
u10,8,9.858169671883012,1.771076584577855,50.391045227117054,0
u10,9,10.738779385731382,1.786242935502052,49.78709606344431,0
u10,10,11.147813922180346,1.6268798696555076,50.46457379065778,0
u10,11,10.222157414147533,1.9594938227453236,52.15570954356986,0
u10,12,10.541954541847632,1.824132563227062,50.75977221449877,0
u10,13,10.607941689896286,1.8743002130447375,51.694739910610544,0
u10,14,10.204601251218355,1.9351549770574044,52.303721986597594,0
u10,15,10.586274266595014,1.7478837542439698,51.37253866599885,0
u10,16,10.257256897207906,1.9073471899035228,52.292355237390545,0
u10,17,10.933809447388724,1.8432358909101205,52.86895776875533,0
u10,18,11.633801945011689,1.9646770775216493,52.60624966095363,0
u10,19,11.625874105017482,1.6772772579648503,54.234201527833385,0
u10,20,11.353488350357292,1.890090569975873,52.165700370560906,0
u10,21,11.724432430593454,1.8497179344216037,53.72936426494194,0
u10,22,11.822785097771174,1.9632262950634154,53.313599131301764,0
u10,23,10.232754428535888,1.97700441873682,53.98596007741834,0
u10,24,11.636420100080535,1.8692374105177973,54.02065357584962,0
u10,25,10.760798706704154,1.8787826135823955,53.633421901445004,0
u10,26,11.133041454817103,1.948933463144267,54.31449819622967,0
u10,27,11.644086479469095,1.8803357772684792,53.47104927430085,0
u10,28,10.59720696778473,2.064198369545213,54.9016237502857,0
u10,29,11.226815222572727,1.9530792799552554,54.94907923299526,0
u10,30,11.728840148828978,1.7093011780678358,55.31933008432155,0
u10,31,11.699931500520803,1.9725177943378194,55.72905916254358,0
u10,32,13.058642909607416,1.9161456179156027,55.583809920104855,0
u10,33,11.728358818084414,1.8668724184539054,55.67404470989914,0
u10,34,11.732127449259183,1.9162573361777429,55.359465831669354,0
u10,35,11.904340220175865,2.0609408471832973,55.64388961817547,0
u10,36,11.000228941114294,2.192864082824823,56.79336731008867,0
u10,37,11.27550635671631,2.101318447386498,57.118167702852986,0
u10,38,11.623443755371829,2.019349661178426,56.480944781843974,0
u10,39,11.423453452004978,2.1355904195170705,56.82300137362663,0
u10,40,11.780771023499744,2.054090968978101,56.547692812503115,0
u10,41,11.861290304112064,2.0405399630836856,57.786378422633724,0
u10,42,11.660299978726199,2.0045637331767017,57.73270841184589,0
u10,43,12.797025503302388,1.954817119324828,58.570608718231874,0
u10,44,13.613061794062384,2.1010076293440556,57.360838461410125,0
u10,45,12.710366316939279,2.1658053489920133,57.81099605049089,0
u10,46,12.666953534176146,2.150337632998511,58.315722961262786,0
u10,47,12.692927718482558,2.1284033072052644,58.723244768862884,0
u10,48,11.51105909242874,2.085425393930322,58.49216618122618,0
u10,49,12.869024678208996,2.250824619168497,58.36351945477315,0
u10,50,12.110302159507894,2.0682868080053414,59.44070376446179,0
u10,51,12.950232740290538,2.2876027913843475,59.56056768127279,0
u10,52,12.005368591737474,2.1197782981073274,58.941862949718136,0
u10,53,13.579407958164914,2.154756476264697,60.27772140055275,0
u10,54,13.349533516883728,2.0933214809384326,60.385099354598296,0
u10,55,13.457169577108703,2.1998597853114363,60.067148248623894,0
u10,56,13.39702812196509,2.357531245847798,60.23979893118802,0
u10,57,13.12132182906009,2.321562808844396,60.67702888555795,0
u10,58,13.699007941339058,2.377842211202804,60.169148464871874,0
u10,59,12.961166912397902,2.3422142545933937,60.81501573958204,0
u10,60,11.706610125458267,2.189633017146963,59.92380822769541,0
u10,61,12.003594754840446,2.2769210775672444,61.63822782275147,0
u10,62,12.460635521749872,2.241980087088254,60.61925338877907,0
u10,63,12.833724418878516,2.463057490403904,62.3517099142145,0
u10,64,12.888011481599273,2.220321135357369,61.63493995301677,0
u10,65,13.824283028332585,2.4393697689389113,61.89416650903441,0
u10,66,12.530825474396776,2.4492953870108773,61.88613304695775,0
u10,67,13.796864138984853,2.552962020171609,62.25598056303896,0
u10,68,12.91544691864469,2.3390313407370504,63.309265672574014,0
u10,69,14.16986292238915,2.4612322159580162,61.55609567173246,0
u10,70,13.595933391430872,2.6281651836538846,63.6384826930441,0
u10,71,13.64521260003569,2.3482358323066306,63.36901174055086,0
u10,72,12.802624133506711,2.266495975246764,62.7964891760714,0
u10,73,13.746341088072576,2.2419989966092237,63.06234380347537,0
u10,74,13.618841366425423,2.5112712028861335,64.6381965136041,0
u10,75,13.514917715351434,2.2616849791941416,63.52724656002863,0
u10,76,13.395967739167252,2.422768094706208,63.62332474470202,0
u10,77,14.049146912633073,2.513731318703896,64.96865727118237,0
u10,78,13.697350758972162,2.498517553682992,64.76927643814295,0
u10,79,14.697268636792382,2.5325444864184172,64.3310372117318,0
u10,80,15.193597615049981,2.5222289855800852,65.1083124877023,0
u10,81,14.869732691186414,2.6378865813313395,64.68712365817987,0
u10,82,13.822782150297924,2.424768361926121,65.9504106992113,0
u10,83,14.160536909209933,2.462300486154147,66.13068548243656,0
u10,84,13.132415478472023,2.4627340554729176,66.06600309941096,0
u10,85,13.937224414381287,2.633019181186261,66.18083053062351,0
u10,86,13.867701377377019,2.650039858839506,67.08059406243369,0
u10,87,12.832658030629158,2.615122531931851,66.39984316369411,0
u10,88,13.424255077192543,2.698349366688993,66.0090629372896,0
u10,89,14.162069458163375,2.4721959132623623,67.02473695641615,0
u10,90,14.444787805945179,2.7667224111551136,68.04302352476856,0
u10,91,14.209172976122375,2.7623238621712263,66.69262025340707,0
u10,92,15.107767169113863,2.6935621997245747,67.21926861665301,0
u10,93,15.004584852216828,2.8081798908771063,67.80822301905071,0
u10,94,14.634869455762118,2.4743376792322227,67.77304757549713,0
u10,95,14.146353137043953,2.597555186373735,67.50884820981135,0
u10,96,14.84776045010938,2.586469653931805,68.76092892811523,0
u10,97,15.023153451887351,2.742147932375734,69.56002036100864,0
u10,98,13.945039565572234,2.5749859260397856,68.69806572951195,0
u10,99,14.005903378367584,2.765749514933749,68.347965855132,0
